,Mixed characteristic of cells,Circularity of daughter cell,Circularity of mother cell,Mixed phase characteristic of mother cells,Min intensity of daughter cell,Mixed phase characteristic of daughter cells,Min intensity of mother cell (phase),Mixed ratio characteristic of mother cells,Max intensity of daughter cell (phase),Mixed movement characteristic of mother cells,Minimum of Euclidean distance,Mixed movement characteristic of daughter cells,Minimum of daughter Euclidean distance,Label,Class
0,369.2773401887334,0.8212046371408842,0.8970463816942971,610.7001346527027,0.5094690322875977,2356.8497764087333,0.0162673946470022,0.9317038333725401,0.4401028454303741,17.05074657290235,1.0620250513096503,36294.48134976253,14.161159089256842,0,Noise
1,348.35095030638115,0.9311076060288432,0.6986909449872617,609.5217486605133,0.0184731390327215,1306.686032575994,0.0164214354008436,0.8293030550941135,0.6064270734786987,168.37328361218727,3.108965864347946,1761.2923944787253,183.20172638663723,1,Mitosis
2,386.7808810728779,0.5592851603267639,0.8679309780199282,1093.5515903034538,0.4433641731739044,658.2109840473557,0.0166220087558031,0.6166738967514263,0.1994617730379104,15.400865121263273,1.4749185917772605,58077.897127142045,20.366626661557184,0,Noise
3,233.69955499844096,0.7235913443817908,0.4409322523025782,770.550457471359,0.0579912140965461,1162.862068118852,0.0157462824136018,1.3395496269424896,0.5186806321144104,7.2675235394320845,0.6547794853821226,31271.751768182898,28.76484824025061,0,Noise
4,269.17396832862516,0.7077697289231901,0.7509880153985071,1151.0755595063035,0.0323126837611198,1000.8148383704731,0.0379197299480438,3.0751315228654805,0.5926178097724915,40.76057743046844,1.1041296593838017,112691.96252788906,12.373334783610412,1,Mitosis
5,87.76127838437341,0.9696783081106224,0.96047384036756,984.8826318027719,0.6220423579216003,873.5505089363053,0.0096467537805438,1.8736412840438956,0.2321713417768478,62.81361289916554,1.6305262054046197,82.0844115145266,22.362407870166003,0,Noise
6,126.91274499942838,0.9169960589843568,0.9203983269920952,709.6131966460962,0.5775618553161621,981.6291579366732,0.0155951995402574,1.1011862338310778,0.1715294271707534,87.6339995367225,1.0724225301995214,69.74523122281211,19.24013213745254,0,Noise
7,93.88658959409818,0.7749447327003259,0.7792842309900876,829.3255683414762,0.5330070853233337,808.3621095295117,0.0120161520317196,2.8281009089838274,0.4219118058681488,1.4777782414852274,0.3221338815348482,3.8504423324197403,17.72745086784775,0,Noise
8,396.9149457019711,0.9411717357733111,0.8895127906544397,1051.5303983899698,0.1237903982400894,1486.1583473838205,0.0033173733390867,1.3069706464397082,0.4238643944263458,70.06441476087434,0.6581744125549641,295412.519665936,13.40475048840002,1,Mitosis
9,137.52929502974044,0.9537412806734572,0.8875062564598587,1564.247745154267,0.4163983464241028,889.2178157669904,0.0115333367139101,2.3713234483533965,0.6081916689872742,2.441304006990418,1.160747758341979,31577.223605624404,26.62828584654321,0,Noise
10,54.23236256780073,0.959678561999594,0.9252479880735298,2356.8269866581027,0.6521763205528259,1339.2249772736054,0.0040040258318185,2.3804535992322036,0.4498473405838012,48.95945694461208,1.0620250513096503,40399.06736587509,17.48860511822917,0,Noise
11,79.68337347273379,0.7667194066501041,0.726455647892864,718.6335966144172,0.631514310836792,961.5490033537858,0.0032546983566135,2.792958402701617,0.2461948245763778,2.5225015868390703,0.6641981177193483,63.73514142868912,78.404494672879,0,Noise
12,49.65384411008092,0.9233340991343356,0.9407891636241604,611.3092860875797,0.578882098197937,1414.068810704016,0.0106230974197387,1.7014970475891635,0.4522897005081177,101.34913357341388,1.4317787067608556,62735.27245293387,25.43983670241125,0,Noise
13,118.39151562977644,0.974630320186423,0.9747035109656188,1655.5429421467377,0.5954737663269043,611.3431882061475,0.0032246811315417,1.7200103633570103,0.1966735273599624,60.250594613555094,0.4359217497926915,65424.09597678923,24.398248783624428,0,Noise
14,65.90657513030145,0.7108534464272879,0.84405724511483,680.8865316005684,0.5877817273139954,1501.8822792659798,0.0165133252739906,1.942876991808184,0.4401962459087372,12.903159838180068,2.9873178242902068,7863.421550315995,169.94161990684373,0,Noise
15,198.28507307758034,0.7798586907494284,0.7833817704424811,746.3433883090512,0.0347748063504695,621.010407211141,0.0188885871320962,1.4590902653760014,0.2407972067594528,8.321399481787067,1.202385824071636,18894.288370692702,179.07577527631315,0,Noise
16,215.2652000803631,0.8813348823649017,0.6951854152019847,977.740501614567,0.3663953840732574,816.5437610133979,0.0099140610545873,1.938682745007995,0.2001249641180038,146.53799112116437,0.6547794853821226,245.47294902746995,398.3485552640406,0,Noise
17,129.7912837442705,0.9546247423018338,0.9181516702809304,1509.8447309840592,0.5477319955825806,1738.4110823390363,0.0033488136250525,1.725610215054107,0.3475512564182281,2.547421204504137,3.324649175520233,10.436236290891536,175.76421740356838,0,Noise
18,38.16837909700352,0.9347601314783206,0.9363018717773516,1182.7686926140993,0.6151127815246582,1253.7067009860018,0.0169995948672294,1.6375964474399767,0.5744391679763794,0.9535623100264853,1.7355820055418076,0.4356077975828847,47.03315496345482,0,Noise
19,53.34350057725065,0.7613072467602602,0.8423761997936422,995.9842592806333,0.5551857352256775,1408.1198437593605,0.0163719616830348,1.3816135885725758,0.5040266513824463,108.25115868659694,1.3052116422157745,55.00969807787371,19.92608571583689,0,Noise
20,68.6178290848877,0.6882195939010077,0.7831580912915301,1107.5879470803022,0.5653475522994995,985.4513807390556,0.0120303463190793,1.0762077808883155,0.7228531241416931,87.68263268848338,3.5797947708239874,18835.864433948587,151.1691153722501,0,Noise
21,72.93034296746332,0.3545981128816044,0.621064901655258,1044.75651756551,0.5774839520454407,1433.7386502025463,0.0165648274123668,1.0863975654091302,0.7268283367156982,0.3606190922880978,0.978115385805859,740.7398834493139,398.4817552285172,0,Noise
22,31.686576020514586,0.8408712198722855,0.8883383149107495,1202.9333117467015,0.650766134262085,801.5818888296736,0.0033477714750915,1.6485015291818583,0.3632523417472839,0.9612417660513494,1.7587246074634384,2.6014232179386587,452.9912633929914,1,Mitosis
23,109.52929371311603,0.6290503855526396,0.5079333549158722,663.5231792637119,0.5418659448623657,944.2168756425617,0.0100127682089805,1.4854248996324215,0.2586551606655121,0.9413413257016575,2.506643989505692,21981.693456767724,336.7994019351408,0,Noise
24,100.00855160182985,0.8852916957162693,0.9368670680934706,1252.7053551755582,0.4029407501220703,1281.3010838940495,0.0121394023299217,2.853939272361463,0.541943371295929,45.66454662526008,1.7846691645521802,369815.6470321878,22.582375292782448,0,Noise
25,68.65222646076589,0.9010493619921804,0.8649885521282816,886.6089547222035,0.548560619354248,509.4911672659626,0.0167499743402004,1.1576370044862663,0.1990148872137069,0.8363319571648876,1.2449482091098545,3951.4450205718913,286.8111616214287,0,Noise
26,81.62128464219875,0.9359645410180254,0.9333968240430844,517.9128278053917,0.6094455718994141,2135.117349548337,0.0165005903691053,0.8539898306130175,0.4561446607112884,335.23074315980824,0.8908582115844018,142368.6149403839,38.16986123950765,0,Noise
27,112.39217662019668,0.8628949246502974,0.8640816880633406,517.9128277862245,0.5390657782554626,2135.117349548337,0.0165005903691053,1.2442207403275216,0.4561446607112884,0.6448683863174919,2.1690827403029287,127913.54982659545,39.66807093201936,0,Noise
28,35.492321799435196,0.930611856179334,0.9236226819693514,1773.4313020239128,0.5598334074020386,716.8491216292377,0.029482964426279,1.1409398267642068,0.6648675203323364,78.23976898410265,0.1004473662637839,23.130823217186574,535.1956325946461,0,Noise
29,44.73804410129586,0.9445542990639824,0.9600106458201554,707.9473407062543,0.1104170158505439,1595.0986147681679,0.0400327369570732,0.9479999010086416,0.5516107678413391,2.919022394566767,3.57301146781966,7.243314573509513,594.1992101185733,0,Noise
30,33.943964880352354,0.9400999862442851,0.9488958826353542,1185.8907437960497,0.5711942315101624,1197.9606217983498,0.0276110731065273,1.37852762734849,0.7313370108604431,0.2326643557478519,0.129206094577627,4777.7712609393075,792.4963331018337,0,Noise
31,105.51014556015706,0.6154313249234492,0.6453634237234883,2219.762850064732,0.0960815474390983,1312.4029570812206,0.0188434030860662,1.5668286399321616,0.317789763212204,9.472610464745516,0.4378246060559167,12.354230982200454,297.3022952096095,0,Noise
32,303.58787052642845,0.6255563286868505,0.2414176951226267,832.3653584744069,0.0017215699190273,944.6267455091836,0.0361079461872577,2.251478729069257,0.4910525381565094,11.126772128950773,0.5337864759104111,15597.1669397254,388.4791493858654,1,Mitosis
33,99.32974198509199,0.8223598463606444,0.7983568990380242,951.6160024511792,0.4616223871707916,673.0863236474733,0.040459107607603,2.936047334150134,0.2029652744531631,12.961078915302052,1.700573672377802,209.33420869528678,596.995041478068,1,Mitosis
34,139.17842871921184,0.9133761419538204,0.6391560416190907,1207.729366646256,0.4499416649341583,1058.7824920046942,0.0368043147027492,3.267765390504449,0.2728481292724609,85.84873836611686,1.118242956691693,34465.82415678408,16.410502972271118,1,Mitosis
35,168.41030788681948,0.6341110120205586,0.7163420393968741,1359.534731376759,0.3643901646137237,1150.2596600511026,0.0189354307949543,1.3267980556729404,0.5241339206695557,5.954204286976101,0.7326784067295926,15.67785758077692,529.4733193872019,1,Mitosis
36,144.3139278083312,0.6792540344367618,0.5254354289698611,849.8770520770661,0.4313491284847259,725.5492540710082,0.0387844406068325,3.314188824114532,0.5190927982330322,13.390576862548132,2.258136388376191,47.27749392311964,645.6114366734811,1,Mitosis
37,155.03515423452063,0.8456160820975892,0.4994452797341457,1085.110172910722,0.0224425047636032,1142.1983528962912,0.0403911806643009,2.3479239968401404,0.5862075686454773,58.574313259559844,0.8036672444101848,82454.43293385238,18.53882799011847,1,Mitosis
38,77.49627472588475,0.9122768901744622,0.3970091223754324,763.802964464236,0.1998299807310104,517.4314012308241,0.0414112880825996,1.7018389492319221,0.3052340447902679,7.98709589713251,1.80367731549995,145892.82761302163,15.43776998429537,1,Mitosis
39,193.06380483948053,0.4939175499349785,0.4373295734241989,846.1176884712754,0.110693410038948,873.20808301495,0.034351896494627,1.504912321871564,0.5736088156700134,107.92395243784571,0.8036672444101848,63801.96193173644,556.0395371044576,1,Mitosis
40,203.54292380175815,0.7296912739492863,0.5491605197358863,1126.4998034276764,0.0708347260951995,1042.5121572280457,0.0324853397905826,1.5416337730719916,0.4931719899177551,8.06912474282381,0.2608631677481869,70647.36891958192,22.88567311627779,1,Mitosis
41,407.1610516423037,0.5362890946963378,0.5365983828010172,1172.0261779761527,0.0378969237208366,524.0872676063212,0.0369739048182964,1.4607685749334949,0.2985804975032806,24.060938408576533,0.1675336091892776,39723.85035821688,56.211224289708106,1,Mitosis
42,331.77788766809203,0.7806893217748293,0.9144058444191924,1805.5207962733123,0.0659344941377639,2530.623852246836,0.0403610579669475,2.9367250087619707,0.3840780854225158,244.30167483126982,1.043122569938666,73700.35365192946,28.526976741440983,1,Mitosis
43,284.09717425487753,0.7151746691319734,0.8902285370675586,900.8854142883076,0.0543846040964126,1584.2222608543818,0.0308681316673755,2.675967592413398,0.4830237925052643,7.330134008851191,1.4510688948995187,505.8572107896957,15.684636318728744,1,Mitosis
44,143.08273518252557,0.6666568204449466,0.6795212816503609,725.1689207346982,0.2916190326213836,775.8999822167495,0.0263270214200019,2.94739129171945,0.2962933182716369,41.01754364862589,0.872604219288105,5669.737523764158,583.6453620398787,1,Mitosis
45,137.1995937032271,0.8844010668869463,0.824089480114608,1140.0604098793228,0.4087594151496887,636.4493359954951,0.0358041673898696,1.8127881182494205,0.18921659886837,119.21288858476943,1.8944094269272735,69.03593490131902,85.64587695918588,1,Mitosis
46,232.28626290719922,0.7090166147120459,0.6660316078685076,1212.66581424261,0.0179304964840412,1432.6079816390452,0.0210082978010177,1.0311672700105254,0.4717967212200165,3.1958613862906278,3.2935961364750246,51800.56402973733,21.37989187691373,1,Mitosis
47,176.30784716016683,0.741529699826197,0.8978270328358479,962.4332360534994,0.3400309085845947,649.2293630805267,0.0262010563164949,4.849683152814888,0.2623480558395386,204.88257240297096,4.848902946266578,509.5193607410238,573.8681562463622,1,Mitosis
48,159.11559631297752,0.615636392586864,0.3081935342889871,630.2828852758776,0.2258540391921997,1058.6455295864369,0.0383466966450214,2.8161283989496577,0.537831723690033,11.774495337493017,0.543454942981554,80275.47153801809,17.615654050113243,1,Mitosis
49,359.5455275961852,0.7214467212539967,0.41382609477354,832.4780740803388,0.0400885120034217,999.531654803879,0.0389933213591575,2.3407382205006253,0.271767646074295,49.361329671113296,0.5409793713794603,96269.56915085105,11.191609126219944,1,Mitosis
50,204.3316683431124,0.6067005618745108,0.9179024903490623,1137.3555829729198,0.456859678030014,1287.510883425371,0.0406264290213584,4.509546865647592,0.5442039370536804,3.704357639123537,0.8113529486747506,77457.87595360416,292.7290816925354,1,Mitosis
51,258.1089422901417,0.2030325506578326,0.424902104712285,512.9035217294125,0.1977875232696533,746.6338535473586,0.0387287624180316,1.5318899218279487,0.240509882569313,3.9293116890492157,1.1784400734178104,3.4684460961877486,652.5602354761296,0,Noise
52,154.24877729338684,0.5545879918206055,0.6978766726072623,1076.955283942422,0.0850260257720947,536.0482084166549,0.0239176340401172,1.1336353382380038,0.2535912692546844,2.6851877902677126,1.0213601426301069,12.945459150122714,396.00542696640207,1,Mitosis
53,143.9219240315046,0.6569431110836192,0.5524321280478488,816.4971013030464,0.2678913474082947,1663.349798620982,0.0413306690752506,1.206133332172182,0.2792100012302398,8.887657187154407,1.8603267086870008,39.377380031430036,401.6947371518884,1,Mitosis
54,74.65298210355904,0.7321609530723442,0.6815492488914637,1097.9987213114828,0.3515739142894745,518.4820008162435,0.0245639495551586,1.7530569513637289,0.2194271683692932,10.470765520907944,0.6305369305686559,8.723541945905264,459.68082772562434,1,Mitosis
55,103.04254665701036,0.7438677691172907,0.8946585362428277,659.6131376706586,0.1219452694058418,593.6496235760618,0.0264596752822399,1.0836729083521168,0.2885464429855346,19.3708994146012,0.8093416804784686,4.657023756044226,497.39557707637215,1,Mitosis
56,228.20237179255764,0.8462290472501462,0.4216350464255797,956.1484503979555,0.0553950369358062,907.9665047094076,0.0278231166303157,1.4837028394583678,0.5096813440322876,1.0918875719717596,0.2104122430212123,112920.69794636557,20.329201401174164,1,Mitosis
57,48.80847408773332,0.6671759657336144,0.9033094879362404,1184.2934208413265,0.2344200313091278,1111.5712211881375,0.0371522009372711,1.1916981825659574,0.593549907207489,1.0682185335564387,1.2032794986977011,3.5321023744050217,599.0213259570216,1,Mitosis
58,172.23928540380774,0.6358805693275917,0.6583105731987232,1031.0581877450657,0.0246248841285705,1198.945372987398,0.0325044281780719,1.5032711910440375,0.5012653470039368,3.890459688099098,2.633634226762428,87950.44821569248,21.651919338719107,1,Mitosis
59,107.32191841925705,0.6624443416319745,0.7659195506419384,692.756125430136,0.1908999234437942,960.6532005646682,0.026823665946722,2.629747129525893,0.2178252190351486,16.90066424994091,0.9992607593009152,11.518443131967246,428.4642176614374,1,Mitosis
60,377.3406617645328,0.519919329104231,0.8871416866612077,1395.1174736772564,0.0241737756878137,1165.4029832572994,0.025891900062561,2.9390075556263957,0.5945854187011719,33.23443444672984,5.807045985634228,317599.6508651114,10.866404703220551,1,Mitosis
61,244.9625056205279,0.4096767041517979,0.4986833467253557,507.5910144459152,0.0225122105330228,765.4841792991708,0.0363054759800434,1.2750980223044974,0.2026019245386123,16.258189054771318,1.2528142834726452,6622.341131511631,326.9481358557699,1,Mitosis
62,106.35863338154972,0.4210045655403677,0.4186479192156003,1305.412684010437,0.2263500988483429,1524.823414820242,0.0268471967428922,1.8342353642230167,0.4743868410587311,0.9392501091511186,3.055835608012767,162751.21208760893,24.106899405401037,1,Mitosis
63,213.38361083358947,0.4183972353663156,0.6436314962461336,1806.6071144698928,0.0898431837558746,599.2820355588775,0.036979291588068,2.1010885901954817,0.2546027600765228,3.088617303155528,1.3307424679822797,3.4495812430577364,75.55703765141725,0,Noise
64,213.42239816654006,0.3815664920715377,0.560585889432708,1134.0187245369473,0.1470821946859359,1162.652092186902,0.0311637632548809,1.8019982945588475,0.6450008749961853,9.043589812762011,1.1277812188369425,9494.78528322803,22.21069002940891,1,Mitosis
65,279.88154212632844,0.899240243037335,0.7243373809378968,1823.7161571923857,0.0141031462699174,2000.9039398701368,0.0365916080772876,0.7922062418114861,0.4373616278171539,33.6362660370471,2.9768194371263696,3307.8051818225226,503.377243018222,1,Mitosis
66,247.2764392493522,0.5414505869510585,0.7551286531069806,1216.9529614285534,0.013370887376368,1188.043292688581,0.0242543332278728,1.414953036318817,0.4979029297828674,4.478992805360112,1.1159174945540835,22949.09580732125,493.6495653356896,1,Mitosis
67,279.5419235268731,0.9041090083108392,0.4813949210331858,1347.7130607431575,0.0214432701468467,2104.3443449798733,0.0350808911025524,0.8458884579912309,0.5101520419120789,13.18371642623683,1.061109564449699,19.258291132353236,168.38107811523716,1,Mitosis
68,140.10885792693466,0.7029236994422516,0.7562234611724462,1157.00282509408,0.1316760033369064,514.5713759389325,0.0208783261477947,1.1183149831261774,0.2483001351356506,25.694255276731425,0.7482318933292484,9021.345554541784,274.1149658072322,1,Mitosis
69,162.99870996398892,0.5434662761272155,0.4809193156507685,1048.626515411351,0.0218899007886648,1343.122585913711,0.0366597548127174,1.4641627589147956,0.7594526410102844,8.831641766625872,1.4381132832215977,18059.55320125294,23.37235070892503,1,Mitosis
70,393.65113332526005,0.8567571557681526,0.3245146962882093,1252.1769880409797,0.0403375849127769,1640.8330221605024,0.0370588898658752,1.3650391087224372,0.5466044545173645,27.95174589302847,0.6324902118694025,2346.7664098609716,1097.40866517343,1,Mitosis
71,148.80219345978972,0.8598510677436223,0.7968705986215164,625.6265086910032,0.2836916446685791,696.5289279766334,0.0269123222678899,1.7523192410906783,0.1969931125640869,1.654494047562377,0.2283491622696577,36169.721102426825,258.7895435589141,0,Noise
72,404.17104875163864,0.4337766465819199,0.6924418454752987,1139.7231184557468,0.0154816973954439,505.159197383917,0.0376075245440006,2.2645567786281444,0.2591111063957214,13.520770138591587,0.4947461846205409,89230.60738652143,12.019683897254236,1,Mitosis
73,75.40141355964725,0.5701782388915947,0.86519281385953,1478.6930837626358,0.1314976513385772,1485.6935107288846,0.0269692372530698,0.7153584009528245,0.4394737184047699,6.36517399458966,1.5435829726575183,14970.528317056225,141.19642771357618,1,Mitosis
74,36.25103145365439,0.9373738616756352,0.9606544304027564,1523.681490902222,0.574368953704834,1712.4441056926062,0.0267236493527889,1.8026564229757043,0.470588743686676,0.07713649314525797,0.2749806661015466,5394.786270792882,244.25357293243567,0,Noise
75,215.4044598026714,0.5943681543585266,0.4474898479475109,505.1415810196023,0.0215552486479282,923.4912232635403,0.0267870295792818,2.2551294226481606,0.5226680636405945,61.619375333953805,2.7658223034070795,97618.27169041916,22.087409720846736,1,Mitosis
76,236.77459856227762,0.9322206475912516,0.7174904136875743,1067.6408757774677,0.0374315939843654,5045.957820013528,0.0425027795135974,1.406363713329117,0.6473844051361084,9.88075351688955,0.2965674974907173,26.018749790212656,591.3864550276801,1,Mitosis
77,226.16154200260448,0.5441199041539876,0.6453010076116384,752.8527547739835,0.0686129033565521,1446.1206335091906,0.0283297821879386,0.7760444475218645,0.5076196789741516,1.8943999864411016,1.4801484114573706,54833.671755965275,259.4090341897783,1,Mitosis
78,45.54807313696221,0.8320327128050925,0.9468899208446636,1064.4245803825497,0.0916601419448852,1108.9968539217482,0.0422334745526313,2.267082902137167,0.4622965455055237,2.3186721116039735,1.127758529692715,3.9562904234271556,434.273042400849,0,Noise
79,76.36762523930852,0.8170264178241929,0.81880838005815,1278.1701985485035,0.4640150368213653,1928.2598128957025,0.0371818654239177,2.2875690936480813,0.5202012658119202,23.102725090179863,0.5406954076597384,15391.011378102394,438.5495691656585,1,Mitosis
80,163.69772532266853,0.5583798201192951,0.6477861234288091,919.803034878891,0.3521545231342315,590.6092527937147,0.0369635112583637,4.987784271074162,0.2316616624593734,11.73236676403759,2.0397248206191607,206631.77175870124,13.986417581620438,0,Noise
81,455.63693222846615,0.4347741329846835,0.6532537765321933,2463.9154667467683,0.02641212195158,1190.4893456537113,0.0206391215324401,1.5675177557859175,0.6012465953826904,5.420253360304057,0.6847740619401276,5.894931572939682,337.0208205261408,0,Noise
82,57.44431199670611,0.6383696736730008,0.7153379066388891,1216.6850844941487,0.3760621845722198,872.2017559863517,0.0236724279820919,3.3832516418844896,0.2465229928493499,11.79859943598701,1.16723779831315,16665.013218925113,537.6808960081576,1,Mitosis
83,40.806548633391834,0.7197305139686663,0.7707671983436566,1000.3442667992978,0.2447782754898071,2161.244373671085,0.0361276865005493,1.1316660339279356,0.4927000701427459,2.869103486853168,0.4285420330896352,24844.2292598519,237.379325914944,0,Noise
84,106.4938321645194,0.5188782193416756,0.6946318278330426,1365.3672680099673,0.335525631904602,1564.5936805745266,0.0205988809466362,2.9121272173429733,0.443520575761795,180.77494676490252,22.16399818500632,60.79849084319159,963.7113232978072,1,Mitosis
85,152.40367517001428,0.7665939180461062,0.4745281998388368,839.568604455361,0.0617825463414192,2163.6898741709406,0.0219521392136812,1.4169518067028282,0.555508553981781,3.381245603070351,0.7780426540657572,1.8478190859636712,242.26868861853023,1,Mitosis
86,492.16844393822623,0.456388230112993,0.780476163619659,1205.5333986930582,0.0323546752333641,594.762992839769,0.0362726114690303,2.3319713147079546,0.5163276195526123,87.53164086182919,0.7571070843187172,96726.63849440576,18.15128501754552,1,Mitosis
87,371.24539221730055,0.644979463895463,0.7111346202529967,1694.0484656465485,0.0363184511661529,2510.2181736495168,0.02391317486763,1.29255342946638,0.510489284992218,6.103783623688804,1.0679493014362398,36.247617857355415,181.99182968071216,1,Mitosis
88,43.33588552767232,0.8269690655072887,0.7547146890932951,1089.53372107346,0.5235264897346497,1136.263308660167,0.033864639699459,2.189548354737212,0.4996740520000458,0.451157373690892,0.1559421487098222,24.39059780025038,824.5090616654064,0,Noise
89,77.51306975560436,0.6722352018991974,0.4512153403800565,1099.143661489861,0.2800061702728271,1077.2937137119782,0.0356679074466228,2.4215323512736084,0.4940280020236969,3.6096908465277147,0.2644239406179905,15020.429363199586,20.834525195769857,1,Mitosis
90,93.8693730209613,0.5494449730840558,0.819269944488318,1527.5365868038834,0.1218132078647613,1684.6626372549408,0.0283537022769451,0.5169854230552454,0.4449331164360046,2.770339233732571,0.5660539442524305,19008.463460118033,186.77613110114572,0,Noise
91,441.29271533915806,0.6089157743778714,0.9180164788495556,1433.1615999212036,0.0531891174614429,1439.1826838948666,0.0338684991002082,2.6728925468953926,0.597936749458313,142.6817848376338,0.8666255110342328,32395.649996380427,15.41549810659846,1,Mitosis
92,69.19181905017655,0.7149107879825175,0.5650439049210024,2680.541713054692,0.1380853503942489,867.4890351543663,0.029613796621561,1.6066257912397583,0.4943912625312805,28.437551751570055,0.576653086866999,17.430799175475606,443.5434988267221,1,Mitosis
93,195.6536808508238,0.4088467739316633,0.6700675366084716,913.1863911022292,0.0070192809216678,754.489110788532,0.0371714904904365,1.4701510455810214,0.5690052509307861,11.476507731574973,1.5968254238056607,34388.19811251089,17.771481421421093,1,Mitosis
94,187.16746694119266,0.8081811769227852,0.6809610030179273,594.7492406322857,0.1972830444574356,884.306894857839,0.0341242998838424,1.2664162387388678,0.3732709586620331,1.5770478381480957,0.7571070843187172,36937.55691327909,29.481742565899005,1,Mitosis
95,265.2496228094178,0.5933823859828112,0.6304444687349564,1439.1365643746703,0.0211954452097415,3165.223362469482,0.0360627472400665,1.6111291851038618,1.0335365533828735,1.4137023156164583,2.3355715917572195,44342.87598118561,32.7302110211894,1,Mitosis
96,146.65535762867816,0.4428501006362368,0.6080038251496932,859.6658550566142,0.5979592800140381,1396.5062281760747,0.0406148731708526,8.34721915159065,0.5164872407913208,24.342747691513384,1.6825361168361104,12.444517092275447,304.229014120287,0,Noise
97,172.8343904271128,0.5694795471673694,0.8833152075996982,754.4592845039651,0.02904031611979,543.9111001282452,0.0395418219268322,1.3447987166436366,2.798949718475342,68.49806164324583,1.5968254238056607,68.02138523093743,499.4077627293011,1,Mitosis
98,250.10377591030291,0.3913124458493736,0.3196295855997525,1079.7312311342769,0.0182274021208286,1661.0158602925912,0.0390710234642028,1.475185496289688,0.525119423866272,36.36190229460085,0.3605532328392296,71703.99168803442,299.8394436604181,1,Mitosis
99,401.23019329353076,0.6348982090604571,0.8224162267721301,1311.5227664577653,0.0189691223204135,1083.358736227858,0.0407082289457321,3.5260384063519887,0.5482639074325562,19.890741263941713,0.1599235282160228,7356.796144480565,13.332726684917183,1,Mitosis
100,156.05865923467542,0.7701553818606081,0.6584732426312983,1091.4299927207712,0.0898468643426895,1592.99633082787,0.0345912314951419,1.5061601115159449,0.5534358024597168,52.70972944040036,1.390979587587852,36392.721227788505,19.84288513276304,1,Mitosis
101,37.280613934429404,0.6745939034117817,0.7191363432732188,1090.3310669262582,0.5519945621490479,946.4131744357553,0.0392225198447704,2.0449219847067206,0.436864286661148,0.7207847072731723,0.5964368880705444,2.5833551278648677,493.4364466166803,0,Noise
102,262.7972835554726,0.2841195587228914,0.6448841603049296,1444.3441398582295,0.0124527905136346,939.0693621289745,0.0393720343708992,1.6851973210770603,0.4822681546211242,36.182667857639714,2.2098759270911863,119.67035107228172,136.61484785315858,0,Noise
103,114.03240399406218,0.231774651934797,0.4871634075835256,1238.2868687069624,0.1069720536470413,1259.1309700581235,0.0390985794365406,2.1354963432641543,0.5663634538650513,26.34820646340917,1.096678840630745,133.99693266051335,1096.1172071658916,1,Mitosis
104,195.66777282376611,0.6485787242893427,0.7565757509745639,557.8492369850275,0.046617068350315,793.4138684128527,0.0351616144180297,2.810463966497021,0.4424386322498321,12.460276365049562,1.0256077363641245,17414.441653759157,11.776402708947364,1,Mitosis
105,475.45385444440404,0.5791845171321568,0.6272670003181513,1091.2587601565656,0.0440699011087417,1090.3049841912048,0.0408049821853637,1.5322714253239929,0.5404051542282104,6.61894824851826,0.3877093944631316,2256.5891665092545,681.3070910364421,1,Mitosis
106,201.6907473291235,0.4959066376734495,0.8791853441180888,824.8002223347867,0.032433733344078,752.8883064829237,0.0410500094294548,0.5393794664922533,0.5428205728530884,16.309546868364453,0.115335653767046,4.636695657757571,458.89039031724593,1,Mitosis
107,97.45790668049125,0.941674078754254,0.8531685831673855,1506.045182415459,0.447290688753128,1631.4946488965427,0.0315822213888168,4.422806086988712,0.4447761178016662,59.67611388511905,1.1254332651971457,10.004948116288556,358.61051106628486,1,Mitosis
108,90.67872534868887,0.7775486502807636,0.8436158183176591,1773.5055869417035,0.2730735540390014,633.9919328089513,0.0302180461585521,1.329750391866855,0.8089885115623474,8.274789032711752,3.0610289053160766,45270.95800922985,19.61065599295753,1,Mitosis
109,179.47033678224432,0.7346816713888484,0.3999098360047947,1622.8608354864832,0.0863375440239906,534.0718985001904,0.0307523068040609,1.4336658317695268,0.2113462835550308,6.662776998875059,0.7436485391383987,8216.925450271932,21.216939546222346,1,Mitosis
110,179.8133179498563,0.6147430013125414,0.4695138362854086,1065.880371792784,0.0636741295456886,1073.812849346825,0.033545084297657,1.9779604202631205,0.4843500554561615,56.93634557737155,1.919508627024604,7772.080158455075,14.42620693426564,1,Mitosis
111,255.5439293226893,0.8133790543935271,0.8745802455581847,707.5441168943487,0.0138188628479838,1372.8244086608681,0.0343357399106025,2.1477217434200795,0.5406381487846375,3.271121033015095,0.5423847865633717,4.0400249064886475,131.1600212262427,1,Mitosis
112,401.502927390338,0.925048257493711,0.5489006269963278,1553.040048521159,0.0537386164069175,1453.8943746123548,0.0350627340376377,0.7800820242648382,0.5125628113746643,12.697506466392438,0.1599235282160228,36.974454928310884,298.0299062391401,1,Mitosis
113,42.07055248522469,0.5588672717440333,0.3853786564935244,867.4390634090672,0.5566045045852661,902.6192233751631,0.0301263947039842,1.8589747618420513,0.4416043758392334,98.38900145413214,3.927435836493118,1.5010739888924058,322.68848983842616,1,Mitosis
114,123.24420287169944,0.6433144401159536,0.5914473655115374,1237.9506782307885,0.0150229260325431,1065.3981353272854,0.0410549007356166,1.903415862234372,0.5530246496200562,54.75530408715933,1.911513575197704,6137.476751162253,383.5594370832288,1,Mitosis
115,218.40621073853478,0.5095426071336155,0.6539710400816867,1070.4188781441899,0.3482936918735504,1164.91211908298,0.0340909473598003,6.071928955500926,0.4519814848899841,127.84830144555734,1.945063790554616,9392.375165637757,41.20003271969729,1,Mitosis
116,59.60529751469196,0.7164497363512974,0.750838670196777,633.9722974693113,0.0677316859364509,649.9835214693815,0.0305099412798881,0.8130858756191893,0.2386666238307953,37.92740832101816,4.865492279872867,61.95544975913791,617.7166854229245,1,Mitosis
117,56.5642778181658,0.942760697005916,0.9476131521161772,795.6762330882748,0.5111380815505981,793.9395770336653,0.0335089191794395,1.3645920546623884,0.4387807250022888,1.6882036555274866,0.2095779150919566,1021.5307567640762,632.6275944257568,0,Noise
118,203.84979589124472,0.6794725351337624,0.8919724605332409,977.0637525468945,0.4024643003940582,691.2326878355304,0.0345837846398353,4.866726385641942,0.5100435018539429,1.3933350253428063,1.9655083049865896,25.339903544306814,654.4312591049398,1,Mitosis
119,130.85838577705846,0.7982696073625594,0.7698199224045301,534.0255123092207,0.0220691543072462,1720.2033109984502,0.034533355385065,1.6436542979787154,0.3900795578956604,69.84397471624617,8.598938369562195,8910.622035971439,23.513190230090945,1,Mitosis
120,170.80940243150883,0.8394753935220532,0.9190646709190872,525.0609092777597,0.0380877219140529,1359.5722114088148,0.0346212834119796,2.0590990061819414,0.5556387305259705,45.85895311244499,13.346586738605463,32969.99964200443,18.19241470071646,1,Mitosis
121,286.1289712843772,0.811363191422979,0.6969892028440153,949.1437081520392,0.1943632513284683,1141.7224584481364,0.0234081130474805,2.645440581684628,0.5802109837532043,196.81161718097937,0.8057015395934908,34657.49677402667,21.652642392919653,1,Mitosis
122,88.21095014929139,0.8376979662161624,0.4371901105274777,1909.8111945258136,0.2125800251960754,1902.3104518791524,0.0321750380098819,2.53991374855538,0.4523475170135498,4.614343087080842,0.9908325169757312,24065.769227157303,20.019715638383385,1,Mitosis
123,365.5748475683024,0.4470049678135527,0.7564496991951214,1215.1576828295035,0.0336763225495815,1268.0982488020481,0.0333228148519992,2.4129420812961504,0.4790213108062744,7.755189359189261,1.6806273793227196,32222.624192867013,12.17414173468826,1,Mitosis
124,298.2903784893001,0.8097043024567719,0.8926992318631796,1480.0553443500953,0.0373809188604354,1904.3411787920443,0.0344639979302883,2.450898008685672,0.6296319961547852,9.233041001112909,1.6772789266068835,48047.887022845105,15.403188069405754,1,Mitosis
125,162.37204045217422,0.9219595004596318,0.6901487212944667,1141.6895090286646,0.1901743859052658,1296.6692463710524,0.0399610064923763,2.122154694695858,0.5178404450416565,14.949428963511846,3.597086179818924,43965.20328972338,25.1231632759048,1,Mitosis
126,52.43197368252489,0.911905454829816,0.6082288128462727,1539.0705132871187,0.4341190457344055,911.4207281926898,0.0362003035843372,1.9347085479466521,0.6729971766471863,9.754269401344672,0.8236994146067477,15452.96957818297,562.1231779521667,1,Mitosis
127,274.8979460880724,0.6289836731189138,0.7013864995701378,2045.7894104940724,0.0172511264681816,1264.8222733523212,0.0253023672848939,1.6672640716288292,0.4690895676612854,4.817475567396988,1.265393548829387,460573.77044433984,17.713862023693896,1,Mitosis
128,136.96096820262767,0.6550743126303511,0.5501416839956513,1126.5819012853171,0.0040467209182679,541.1676870397646,0.0250948797911405,1.7182469277588597,0.2292366772890091,4.9814226709714875,2.969239468920806,61.1319692304353,576.5489659086079,0,Noise
129,121.55515091282358,0.926113942685596,0.6263219183520485,939.3339115406341,0.0613334625959396,1892.4885866825646,0.0340225547552108,0.5744491883182107,0.4281374812126159,7.162373092345735,2.016927642862272,10.706337914624607,170.01721689905798,0,Noise
130,79.14038394659853,0.3014352036699574,0.6343618946867304,1207.1749133091153,0.1947772353887558,1433.5169789835165,0.0343008786439895,0.6749332242525814,0.5074717998504639,7.356431446953471,0.9550814501541482,11.515485694937894,496.6247748555484,1,Mitosis
131,145.182254391531,0.4544663530544719,0.5733506524998384,972.8196870728217,0.2585718929767608,2101.1146060216984,0.0214979909360408,2.416141582230334,0.5317942500114441,48.729826820938364,2.502696526866679,24277.097164552993,18.961884792434823,1,Mitosis
132,150.72605511254366,0.448146784846834,0.5953458222204333,1096.5641095544436,0.0264335591346025,2039.100571636208,0.0212336350232362,1.96354793074385,0.565079391002655,51.66404231782499,1.6248551815594188,115427.23009552759,23.727147381061595,1,Mitosis
133,176.74018257502678,0.7235953925709045,0.4268282965322628,1811.0183874411855,0.2417812496423721,918.8634622215505,0.0371315293014049,1.6889225474422027,0.4164312183856964,9.352113075247072,0.6982254389094545,62235.41226615383,23.5846714961258,1,Mitosis
134,332.6356490256893,0.6366329315850426,0.8004192626347609,1097.2582086335287,0.0156419482082128,1216.6437717907422,0.0363820791244506,2.492112485881538,0.5496774315834045,8.286781627139627,1.5541718353015124,38735.03626749145,19.355834637498376,1,Mitosis
135,33.45574054279616,0.8903422083876109,0.8978933373788133,1511.932324215188,0.5545355081558228,1391.992805865225,0.0246563907712698,1.4570422128133853,0.5638225674629211,0.2192422164795721,0.3477222822154573,74611.00120617292,339.58998952760004,0,Noise
136,182.96581840796867,0.5839768957651552,0.2661351799310301,832.4289577209857,0.3997467756271362,1057.4163597174613,0.0242342725396156,2.5697596486169023,0.6810314655303955,96.57553756107336,1.265393548829387,510708.9059656629,21.6009679999748,1,Mitosis
137,123.24910881712098,0.7692724326561128,0.7264329348875469,1801.7144901061895,0.0956353694200515,1171.1818680832496,0.0405640453100204,1.784036034985792,0.5302177667617798,12.130813481733695,2.1753968529424084,832.9269699241366,566.8323613372039,1,Mitosis
138,147.0646313464939,0.7513861431085658,0.9180913978856696,1513.4857180988552,0.0722540989518165,1167.5179998094873,0.0337848663330078,2.4330687342015653,0.5609312057495117,2.250503468800569,2.9970667536022404,8.24447284681463,571.0167461434044,0,Noise
139,95.0012236443562,0.7821425964371118,0.7045833807325924,942.3574796269862,0.3810652494430542,661.6407966008566,0.0364813804626464,2.0033139898997336,0.5537179708480835,16.13033252052542,2.61283136341968,52542.135586774064,889.5079280358002,0,Noise
140,84.72675242635641,0.7638373550451676,0.4135770338736383,710.3888100048538,0.3569476306438446,709.475329880172,0.0288744959980249,2.157750404824473,0.2839485704898834,13.495241134920837,0.7089648806464794,18414.3441969862,15.06859272201766,1,Mitosis
141,386.6240499882509,0.4259230529584766,0.5674584284563522,1173.813381029568,0.0334967635571956,2123.8805162781887,0.0367978662252426,1.5599383566003273,0.4701307415962219,2.9006454360746647,2.123987156199452,68.30046943871135,525.5426787698026,1,Mitosis
142,210.76657011282828,0.7980226842350915,0.8571258050022634,620.3100773442907,0.425885260105133,1072.96413748624,0.0267772935330867,3.633369513928695,0.4950915277004242,10.010765328562021,0.6281314020449622,9.633668850789844,391.7782877511823,1,Mitosis
143,313.82220380945427,0.93697759310704,0.7201264100016213,706.4474742189918,0.0432307794690132,1075.369268181901,0.0266299583017826,1.318142900224373,0.4760471880435943,14.01781861397869,1.2821631804615097,15814.052361942728,310.8667557161077,1,Mitosis
144,177.2958359123144,0.598316492448224,0.7886513953725678,918.0324401414205,0.0030170155223459,966.7818789341345,0.0408891513943672,1.532786543918133,0.5785117149353027,14.869308470885652,3.811448873261365,5.811968746336082,322.55130984807806,1,Mitosis
145,440.58834380250437,0.5250794033745603,0.5012369859996297,951.1583365028829,0.03612906858325,895.563702667538,0.0427028052508831,2.4325451036680814,0.4642667770385742,58.74139548225965,2.830389206435114,21355.243740984766,11.537110690199642,1,Mitosis
146,88.12091671847695,0.4701913750754238,0.5220562959830454,1100.9241281033544,0.2001390308141708,2898.645352916918,0.0411004498600959,2.133530923532371,0.4662890434265136,37.20768840835896,0.9202358752296592,8.222048787509495,590.8725765833408,1,Mitosis
147,335.170342144305,0.331508391980609,0.5598711587290178,2249.1700906412257,0.0387801378965377,1660.5787922988654,0.0266646556556224,2.691106580273815,0.6206651329994202,11.097851499491954,1.71504050629114,36393.25247865553,12.674245764199432,1,Mitosis
148,211.73756288410968,0.5275808159481851,0.6747213568432481,1018.4349686642414,0.0242603737860918,621.1140166528847,0.0272863525897264,1.254255762739333,0.4462505578994751,4.054097459076521,1.5369671416685715,116805.70084700189,29.282953443763,1,Mitosis
149,203.72980671069047,0.6455376818002071,0.931436057158617,2145.2137698064876,0.014454310759902,853.6219542165635,0.0327080376446247,3.0899323048923684,0.5225436091423035,55.116831528169634,0.6442324661188298,183233.99838306924,11.2628897807512,1,Mitosis
150,376.12576826908565,0.8504835425578784,0.8860672418055842,584.4351320064346,0.0413773022592067,1268.622159131311,0.0234287362545728,1.5593294265106743,0.5152474641799927,11.427905643699338,0.4652971479250716,10945.5546370433,676.3351580112148,1,Mitosis
151,180.8285816056783,0.4143536878561457,0.3813641913053845,865.1862911675717,0.038431454449892,559.2606109035063,0.027074497193098,1.4920942018988226,0.2131035476922989,1.403435806417093,2.358790554745644,50821.256100523846,21.951563062402418,1,Mitosis
152,32.51348899711601,0.9268999878089778,0.9273380602864564,1532.5303700966851,0.5787200331687927,1616.5542039442048,0.0373501926660537,1.7065413148788957,0.5148831605911255,0.2150507439789088,0.1397716391514812,11163.1150428145,452.4635164399409,0,Noise
153,33.08575047620995,0.6831363819612806,0.4444481676117808,1365.2470901178197,0.0634507983922958,782.3973860651647,0.0265942923724651,1.6512925066588169,0.2354717701673507,0.6771642077530001,0.6508100483310884,989.4918722558687,513.5889887334457,0,Noise
154,182.44284756161093,0.5693767918566751,0.7633728972139646,895.5343496834431,0.0294424910098314,1094.2499259748856,0.0265536531805992,1.1917863141637577,0.5383275747299194,2.554572966789412,3.8005737632041914,26276.747818806245,20.067494008579764,1,Mitosis
155,174.0193249888458,0.5986889274431562,0.2223171177325064,1660.5376612219761,0.2653496265411377,876.1486165227742,0.0398888923227787,3.206932439250046,0.4479945003986358,73.36498248462472,1.264864802262731,89037.10007722175,20.320850630557487,1,Mitosis
156,224.15417680557033,0.6958287421152348,0.8574893754583672,785.8228157042881,0.1448154151439666,874.6137451809756,0.0377085320651531,2.424638916050528,0.8251206874847412,171.06831282278006,1.1113153759064105,34522.47116413073,19.587254132120712,1,Mitosis
157,119.25702597741738,0.8512845980963324,0.8394690479582874,853.5944475482694,0.1465880274772644,521.4317364340986,0.0376170016825199,1.5898462556143516,0.2060487270355224,3.1839517082535695,1.3624606391029954,275553.2335476312,17.921688719867745,1,Mitosis
158,136.45046205067433,0.6597499633404879,0.8967478474520375,727.3229564277494,0.0734531730413436,987.7701248027657,0.0378346741199493,3.3383168203253732,0.2987557351589203,23.882204503527497,0.4944051122860072,3477.864829354364,302.3327208327787,1,Mitosis
159,132.67340402006187,0.4401081449305684,0.6841832680224303,653.3662470981825,0.084789365530014,1149.6795349205142,0.0269370283931493,0.8131431320509965,0.9286528825759888,5.830092196690437,2.25313099907656,57.230236932312586,862.3754804548752,1,Mitosis
160,308.1453353421087,0.4409653539177371,0.2500145577905763,1123.1904289350107,0.0099138608202338,943.8647545553339,0.0327506363391876,1.4710664753193994,0.5422199964523315,20.654670457272964,0.7899701940226042,1201.855905951242,922.3576835753552,1,Mitosis
161,156.2420979243201,0.7521983069010895,0.8334305973156424,559.2213615544548,0.0953135937452316,1034.1799984223328,0.0271693356335163,2.0325369998272023,0.3841004073619842,56.81408653768802,3.1899304574366005,67583.68604840372,16.704918961874082,1,Mitosis
162,247.85368186372813,0.6852346880989896,0.7771267168216848,741.5126993603519,0.0141872391104698,1824.0624607703976,0.0297258272767066,2.7740806790419423,0.4407261312007904,55.133548959307355,0.4667550527599658,52094.21861668043,11.36442619043232,1,Mitosis
163,190.06923861130036,0.6742828166879513,0.7448622359844514,1124.0819167454767,0.0363134071230888,1320.9524210175941,0.0411023087799549,2.8155223051057554,0.8364696502685547,25.46670436577805,1.5549202367157493,38005.72573472488,17.811441003249573,1,Mitosis
164,38.588949019520435,0.9264664029656838,0.9421108528640922,1028.4331404925838,0.5538276433944702,1000.4705829922351,0.0331240147352218,1.872263634321483,0.6116359829902649,0.1294980984041133,0.5191825445813071,8.931530992495176,142.43966152756593,0,Noise
165,180.19023099555076,0.7457319844463367,0.6163056347342962,537.6725626973292,0.0616379790008068,956.908954207151,0.0419995747506618,1.6516159193439983,0.5044651031494141,93.03758927847677,0.3385922557047834,30455.33083599421,22.166031154017265,1,Mitosis
166,170.6340812780376,0.8491702766755732,0.8819217697454114,1340.601770889718,0.1853727251291275,590.8975954652777,0.0404636822640895,4.181629618062254,0.2413841038942337,16.157228478536943,0.4678471788402494,29566.061132603227,13.966557391120158,0,Noise
167,115.72022606625521,0.6625889055305224,0.8211301674393675,1224.515972686089,0.1497722715139389,1278.4079550427389,0.0325653180480003,2.349274973092418,0.6602439284324646,4.4610889988978695,1.7464068421754964,21355.79933617689,31.012660219404275,1,Mitosis
168,224.89768201832632,0.4187473002192011,0.6022083870090766,934.5074444334638,0.0959307849407196,1409.5019796684537,0.0405900217592716,1.529952149773855,0.5382958054542542,18.573938517772845,0.3555143086860937,158992.42245059958,212.2116199698011,1,Mitosis
169,274.70422241789197,0.9078719699580684,0.8362301888438177,1052.9931007396967,0.0147575084120035,1265.0085131263957,0.0385501384735107,1.5674351722419004,0.8391046524047852,8.344955332641142,1.1332979382353423,58223.486058356415,16.209050843201968,1,Mitosis
170,250.44408041861095,0.4452773952484212,0.7724380200561871,2032.7902444789586,0.066799595952034,1743.425013344747,0.0293527599424123,2.8933548116253927,0.5326918959617615,13.04577655973536,1.0980280905377686,115274.40190535701,10.369058294951149,1,Mitosis
171,109.98371516119661,0.6730902749758338,0.7036282284943928,1824.0423733293005,0.1160052493214607,1908.9793696985796,0.0406755730509758,1.7068519117474383,0.4453908503055572,0.6882984464919136,0.8821600047373147,61494.08689131873,19.13353013435661,1,Mitosis
172,133.835210154067,0.7307984816270549,0.6607932789974346,902.4789711923439,0.0396670959889888,2096.5689697212742,0.0348447300493717,1.6523668967089926,0.5258563160896301,11.71924815581171,1.575867201897407,10093.024558621215,21.705319535236374,1,Mitosis
173,103.94302201621902,0.5641853014454842,0.7872104972211744,1071.0836420926328,0.0956981033086776,1253.9899988747359,0.0296231936663389,3.4181470686435906,0.5788145661354065,102.5317076757183,11.535863445332652,40354.11528441504,18.97748380388357,1,Mitosis
174,336.0365304041153,0.8297600876527458,0.8751648908085536,1737.4414999964263,0.1005248427391052,507.27834031928063,0.0210695061832666,2.4124173321852167,0.2600208222866058,130.88852302356298,0.6587292474560312,9422.205297613677,17.299659667660496,1,Mitosis
175,133.78108450463466,0.6142932826688872,0.5275403071314196,2145.400044284432,0.0727660283446312,1213.7045787681786,0.0409424379467964,1.5731296735706959,0.6513388156890869,8.466520449574599,0.7867914541017919,2194.85719012074,781.8905175697777,1,Mitosis
176,149.0764195077998,0.8713618369910884,0.9514896734579182,908.719793526536,0.2901763916015625,984.7562607028257,0.0222624726593494,2.461904096451101,0.5324746966362,22.907363061606876,0.3490130803715172,63064.71776037223,11.62991193552404,1,Mitosis
177,150.0105794532993,0.7349544685440478,0.6786106937484769,1997.8880927519747,0.0615307949483394,2095.8877228794313,0.0404827259480953,2.1582703332751656,0.5234523415565491,68.94325234790243,1.3766226625194906,125233.58293673517,19.8947284893527,1,Mitosis
178,131.6686564482567,0.8248972067488519,0.9591773217075236,554.7899170612051,0.0791770666837692,776.8405377879718,0.0438064895570278,3.5129126452961033,0.2818458676338196,15.02164056793527,0.4096085327981208,72823.24239704212,12.20795511575198,1,Mitosis
179,133.6197362610094,0.7552940987830989,0.5300685904377671,1456.0991502799511,0.1220592409372329,756.6997629355792,0.0199507158249616,1.606436601825214,0.454994797706604,8.22369483440775,0.1231125368699156,45311.25403835319,28.642310738838464,1,Mitosis
180,192.98337027472417,0.2794799440650026,0.55866863514942,956.8666033844584,0.0255818199366331,2262.75411042663,0.0345851927995681,1.4085685113959083,0.5704560875892639,2.554636296479884,5.659049192112954,41971.21526504351,19.235020717760417,1,Mitosis
181,159.92188064992476,0.7247896020742124,0.7454373613245859,507.25588293525647,0.0315980575978755,1149.4553241597825,0.0411225967109203,1.6675721507604557,0.2324981242418289,0.7152913135310438,2.2605647123433843,12141.74629326657,32.19284989362885,1,Mitosis
182,139.0537505549914,0.7223306233031451,0.7262274129027255,631.3394422346443,0.105580635368824,1226.574521051347,0.0203827451914548,2.634868251183011,0.5222269296646118,25.16732700992737,1.200672272297569,10783.555384368754,10.731514936763686,0,Noise
183,359.5341339173413,0.7995373080292337,0.836773276592671,1552.774813450794,0.0373253040015697,1055.6581460787488,0.0332671552896499,2.458897874965013,0.472551017999649,32.17614626442491,1.4296640228561852,69408.1385757026,14.663114644511404,1,Mitosis
184,96.8996599430555,0.6857156869641267,0.5018784067011527,1858.2223279434413,0.0771273821592331,1074.6980204399686,0.0285378135740757,1.6391823517867783,0.4807698130607605,6.911872221734689,0.5093780626937926,92140.76505092156,17.963891379077413,1,Mitosis
185,223.07998149137407,0.5204810453865769,0.7612791002503684,1081.5776274590223,0.0677748546004295,1783.125184737461,0.0281516313552856,3.4200194571644817,0.490610659122467,99.74791423158783,3.2882696540002896,66334.14208994801,20.509804121392744,1,Mitosis
186,178.24438735342534,0.8043781690515533,0.5417363074842889,1286.3409388023865,0.0667326897382736,1011.7420798367748,0.0342504531145095,1.3653240764396481,0.5014864802360535,7.186399739927043,1.9865167884369856,227137.51958720462,35.62349422017983,1,Mitosis
187,74.5882073601627,0.928991657396848,0.8894866397759398,672.0246603244707,0.1296110302209854,2526.6152855951177,0.0281810909509658,1.7044740531861555,0.5532882809638977,0.7544604586923652,0.2964579779734597,11787.542041599485,824.325518926626,0,Noise
188,188.99843865893638,0.568065447240357,0.6311041759413378,556.1435576447176,0.0097375884652137,657.6744650987406,0.0248905178159475,1.8163292139590352,0.3195463716983795,2.329424786919671,1.4296640228561852,81713.2613126437,24.01117213884904,1,Mitosis
189,115.11173239816597,0.9159875347248788,0.7925560435942312,1782.530873577977,0.2743236422538757,831.2028754406201,0.0292995236814022,1.2249354838940338,0.4410574734210968,20.617645645932182,2.549171237296441,24.006306883080544,82.60127523312764,1,Mitosis
190,69.45571558441667,0.5583800083876282,0.8272135635775175,1251.546613074185,0.0733951479196548,1037.8060039080003,0.0265622679144144,0.9162852370068152,0.5129418969154358,7.4671255339391065,2.1209298693992964,13.114211090854505,1303.205419108629,1,Mitosis
191,168.53915537825867,0.3853686342237133,0.4677586300301319,593.9075581917378,0.1020123586058616,1144.9336842464131,0.026979811489582,1.2851556442963874,0.4516655206680298,18.46667898833273,1.2710135207913598,59.11849680584923,480.65835653464944,1,Mitosis
192,408.2445304246001,0.6660828281389051,0.8387134531251762,1020.1069289111317,0.0091781662777066,844.8497907129665,0.0285967513918876,2.4748660329368133,0.5825952887535095,10.056737540797593,0.6998270384610963,854.0276665090133,9.193927069910076,1,Mitosis
193,63.52953870741904,0.3874779560765272,0.3536411928576898,1046.951972301688,0.2237054109573364,1294.707829946718,0.0255941934883594,1.4431341120485133,0.440398246049881,6.4765310695082015,7.296619207642901,123968.47098995766,23.249346468369605,0,Noise
194,355.43657092713636,0.4312343821743206,0.8863346427626183,569.9392370260797,0.0687531679868698,2291.2423895655634,0.0364862047135829,2.8860865458397416,0.4622077941894531,8.949763095402847,2.7481705339617224,142965.4172852483,10.694293443144756,1,Mitosis
195,368.44139863446526,0.9054686531322932,0.918448468973933,1045.40045524383,0.0504756197333335,1814.2599609378929,0.037413865327835,3.3146151752891275,0.5246565937995911,30.261551250061327,0.0757313192896626,51109.85412275469,20.4255234124266,1,Mitosis
196,143.03329861068136,0.7046298281608868,0.6222948310946737,907.6086181748062,0.0452987924218177,1247.7596644634798,0.0422123558819294,1.5550214675711984,0.4636184871196747,15.956932988490541,0.7121152536229829,14.224748774994621,566.8159269365979,1,Mitosis
197,64.90645353816278,0.8456067511585621,0.8624736216846363,1745.2024266300537,0.2449667900800705,1129.7475962173583,0.0280708670616149,1.6288142248039696,0.7258213758468628,3.399586707039101,0.4011340663749281,6.846185769619338,823.9990511013309,0,Noise
198,287.177132854641,0.321267362416265,0.8819932907418722,907.9037529572315,0.1225309744477272,2171.430914501618,0.0370995365083217,2.530705751179691,0.4606319963932037,5.163641122172601,1.4114954320872446,53074.94026234692,15.857912745062126,1,Mitosis
199,141.80866775899187,0.81134330422375,0.8299987834736874,1414.5270959320073,0.2848759889602661,1402.552956774468,0.036358006298542,2.011268887265325,0.3324285447597503,46.54967050611716,0.3619690061625924,678.968606535202,15.083849384316872,1,Mitosis
200,60.68578804173105,0.839740521967965,0.671432004702987,804.9805662808955,0.5590154528617859,813.3727089949488,0.0389070734381675,2.882947982620728,0.4514147341251373,23.71960260953437,1.7489758455462352,1128.6078993463825,822.5137757828448,1,Mitosis
201,202.1457292566106,0.6187156251058832,0.5442319375621685,1373.0955069777985,0.0313738733530044,1435.2041964924933,0.0388177968561649,1.6209947631708634,0.5088794827461243,54.53877799372198,4.234838396140705,18390.561143815492,202.524426427713,1,Mitosis
202,446.7895909214336,0.3371069895174687,0.8372811955608641,1960.6769947401167,0.0234772507101297,1866.7565724842236,0.03070386685431,2.9818226461458672,0.5595133900642395,7.470326562647566,1.3623633155918868,104437.58970377546,17.127833909805354,1,Mitosis
203,126.69461193965209,0.8354361826863765,0.9480637710981492,674.2273039094788,0.0362303145229816,1486.5076195998772,0.0379542931914329,2.783655879987292,0.4621415138244629,12.36177924464481,1.4070805740680488,12383.223817465509,11.93206575192777,1,Mitosis
204,71.18934868431668,0.7626682714005631,0.6537212193082208,1197.1035407870102,0.0856677219271659,1770.8404932331805,0.0378124713897705,1.4037634951181792,0.4932632744312286,16.500400874554828,0.943187373604426,4140.362807760872,699.4739650984662,1,Mitosis
205,287.12138067314584,0.5910296032091811,0.8604145239540837,1460.499550566189,0.0160697530955076,911.5236869963474,0.0374937355518341,2.506176146021313,0.2374005615711212,8.888924365326375,0.7223533540149337,10735.139447056823,14.491573576871197,1,Mitosis
206,124.86846928421939,0.4104889652530823,0.5960365473279285,1196.8155037575139,0.2103950083255767,1259.8238885327492,0.0426376238465309,0.8656979514229627,0.4479103982448578,35.10141458630072,0.9966279888268088,183.36608689276883,528.7400213174972,1,Mitosis
207,224.9915140584469,0.7639045908292199,0.4578703606942104,857.9541050360605,0.0450732596218586,851.0109842974703,0.0389955006539821,1.539844318884295,0.539924681186676,4.2326340224378916,0.5927494191349337,4549.0490371338865,189.57552168085732,0,Noise
208,60.69684227602442,0.8775377192419584,0.9407600940446084,1190.6990844994061,0.1001757532358169,1919.366341278117,0.0310900490731,1.595273325828383,0.5702992081642151,1.542775781895061,0.8682536766906177,10.688638269265487,90.2781207332466,0,Noise
209,199.25910029142318,0.6530975355136461,0.3838597529653086,867.6036018417707,0.0210998672991991,824.6365466820471,0.0379075147211551,1.4092108718663092,0.3303884267807007,14.619654032623284,0.9738017683656106,39556.02897739263,21.297095460121437,1,Mitosis
210,144.80279410419953,0.5936860913428545,0.6910859566878661,1333.168103882686,0.3781957030296325,1288.0726773869126,0.0307632461190223,1.4860634755824351,0.3275902867317199,6.905597939247759,0.9485189553281632,1.9734207322776474,352.3729950073944,1,Mitosis
211,74.84881978532562,0.5315695705207496,0.4305172630940196,831.5930769402875,0.0300273038446903,1905.8482555921782,0.0358060039579868,2.0334889447581337,0.5981406569480896,25.76808299292811,1.155023833261011,5672.218395618658,15.579722568558816,1,Mitosis
212,288.9472344412842,0.3084255049291569,0.3869404217078873,1751.177437972976,0.0400843024253845,1901.6324278983823,0.037853866815567,1.5335216565950127,0.4538297355175018,7.636736554264281,0.0851427486746776,15107.065689549241,315.4534108573794,1,Mitosis
213,270.554524297047,0.7865387996453994,0.8533938198745167,1493.946925260151,0.0217655207961797,1345.383163296434,0.038942452520132,2.4878716219526944,0.5193915367126465,8.956721040023925,0.8667018075641506,6.985304201074043,90.49495745447538,1,Mitosis
214,124.04862250394312,0.9036693548306574,0.8683026611841426,1071.1442068680412,0.5013619065284729,1219.0985876693096,0.0389172695577144,4.246002887199732,0.5622155070304871,18.83210056398014,2.097078101852467,16346.40173985327,174.21176846716347,1,Mitosis
215,304.3491639428339,0.6860672017984385,0.8034399735328405,1425.702583934879,0.0057671391405165,562.4885026491922,0.0388793610036373,1.9207953194040035,0.2764931917190552,47.278956734140685,0.2256606693420492,29104.39365869746,12.706734937779444,1,Mitosis
216,261.5194583138675,0.6133756653342264,0.3802814216401258,1937.4510662542993,0.0042750919237732,1002.0548516872877,0.0416642166674137,1.380720027528108,0.562448263168335,25.99724161729337,1.5258654201944457,97.39207461649667,424.3614426975819,1,Mitosis
217,238.2150132388651,0.8566973690813748,0.6273341387776648,914.3656708530776,0.0960106402635574,1170.2170967866753,0.0381339341402053,2.5924425904930066,0.5533023476600647,2.0235757132388565,3.0778428750027658,1.2221229997794112,26.897430426235964,1,Mitosis
218,229.08867398569274,0.8483391195255807,0.5786713615861415,958.818856881402,0.008564569056034,1392.696679472353,0.034131646156311,1.6493283781187738,0.4420271515846252,47.5815643318516,1.0877310317853963,435.669269690492,487.6790771194194,1,Mitosis
219,301.32744432306254,0.3862284882700392,0.494927573579875,1463.7036994727057,0.0353066474199295,900.4168657675582,0.0356840789318084,1.490672642063702,0.5270934104919434,17.856196409987138,1.6844187546954303,92475.34774723726,408.0039434035666,1,Mitosis
220,456.33107737503263,0.6486868725839634,0.8431304441636107,906.5082643228064,0.0066011273302137,1347.5225711471758,0.0408584736287593,2.827006804377027,0.6176424026489258,77.49723166909293,0.3565297097041711,18503.834754314725,17.228403656245334,1,Mitosis
221,170.71540820431937,0.5393275512153006,0.3608185729474752,1237.9174176306742,0.0360727831721305,994.0487758150273,0.0378679111599922,1.744527371958889,0.538001537322998,36.59621734970318,0.7223533540149337,1799.6558470050095,17.391908417780506,1,Mitosis
222,62.04950932481365,0.5941518151842842,0.6306318480977962,570.498286629957,0.5663418173789978,877.610048625947,0.0363137274980545,2.883028772238893,0.4720913767814636,133.38645115734494,1.0114853896175102,35108.56991351604,27.91431280643913,1,Mitosis
223,207.3372404876264,0.6541903543938397,0.6067919508104929,621.0747540279384,0.169676661491394,835.147128962429,0.042012620717287,2.1092858023027525,0.5034146904945374,5.645271753925803,1.838342866781907,49025.85549433863,24.024154597836493,1,Mitosis
224,201.95008850571415,0.798038792116997,0.7988308688264175,563.375042120057,0.0138715449720621,1207.9555861776137,0.033906877040863,1.9633152377660819,1.1822869777679443,57.55098403616609,1.0203921898440598,37879.24038393535,21.62817873793585,1,Mitosis
225,87.5690639002404,0.2579580704560451,0.4409088329751152,1264.1233044526743,0.3262389004230499,641.1347770024736,0.0268675293773412,2.7438203404942447,0.4467421174049377,22.84842246441359,0.7520703209697769,6973.434399759477,16.211607908682304,1,Mitosis
226,184.09205776548214,0.926435280079408,0.8377369515203561,1244.9317279089598,0.0212882459163665,1226.9632920995768,0.0246670506894588,0.8631890020921623,0.3315095007419586,7.491860348235254,0.1539099136741592,12571.432868726833,240.7769058522366,1,Mitosis
227,256.19354427877613,0.5909174207867725,0.7743409005973105,786.1229034449298,0.1199953407049179,1933.7640645749605,0.0250042416155338,2.510415173823612,0.5183601379394531,6.453379321514531,0.2314133391585857,7021.845828615215,19.491414447655487,1,Mitosis
228,259.39864473194774,0.4678170887973075,0.6857329474537988,711.1772860085212,0.0189874097704887,932.5237377757678,0.0360695719718933,2.6647034385953887,0.2712011635303497,15.145081577726257,0.98040442745358,45978.17729093854,11.642486584225749,1,Mitosis
229,272.8641171484133,0.690909503101054,0.7334723771739035,1350.6304040541108,0.0168498717248439,1052.0030722119684,0.0409147404134273,2.538806082630364,0.436703622341156,14.301778715606826,0.7549942254997046,40657.28225952813,10.171175529219814,1,Mitosis
230,129.3814964616414,0.8005010406453716,0.7212245286631814,1336.7093166683574,0.4211111664772033,1371.4657837253962,0.0260887183248996,4.323671497149779,0.4118959605693817,1.6047776837182919,5.618681617101682,58.87292970789596,413.414184648332,1,Mitosis
231,212.51853162873846,0.7484247041892068,0.303903387202247,1313.8801514155539,0.0534672625362873,1437.9750671488896,0.0345722958445549,1.4451806410752577,0.3566209673881531,21.57586864389978,0.8190216534577496,63559.80762921622,16.468423839125425,1,Mitosis
232,54.540144527356276,0.9592705172487288,0.9558074512049776,1462.311383313796,0.1326728761196136,738.1486273160131,0.0246330797672271,1.515693007487487,0.4624359309673309,8.978489166190872,0.476599217796638,4376.064562414333,239.70867359448317,0,Noise
233,33.47981456096576,0.899750807403932,0.8815430009203691,1132.6527426802095,0.5891368389129639,725.8616863921698,0.0397508144378662,1.439713617646506,0.6227722764015198,0.2672780590315029,0.1197993928096253,229.60903068091392,1667.8549490598514,0,Noise
234,183.79049645728932,0.9093199476699332,0.8875052718624596,1505.3620567040152,0.2399121075868606,1171.9227176830643,0.0424918010830879,1.8598427280142789,0.5187706351280212,7.799567773969811,2.9246571634534497,49310.55539017203,28.06064405455233,1,Mitosis
235,86.497819760576,0.6142072112449225,0.6871735659435372,1374.4655364361342,0.2258305847644806,1323.8896342483406,0.0386775024235248,1.6893410283371046,0.481162279844284,49.60990825317274,1.2387850522003945,23.3365057455365,238.8158276937326,1,Mitosis
236,222.33664497291554,0.6353610951232118,0.9076007924209464,1147.217945212653,0.0667667463421821,533.4820675078622,0.0399456843733787,4.429846996521023,0.3722879886627197,40.303182855704414,1.2485830977959935,103550.85021415817,16.125255077412262,1,Mitosis
237,88.0288569401153,0.9458525279043886,0.8767574986802897,1505.3620577656716,0.5987094044685364,985.4031024532915,0.0424918010830879,3.043730885399832,0.5749698877334595,202.1284461726771,3.876525973824357,54763.38585389718,25.169226784225067,1,Mitosis
238,189.25256222744517,0.5674057230619359,0.2255841455083366,1437.9443600932495,0.0283840466290712,1296.9818634205926,0.0212638769298791,1.454759073343897,0.3677166700363159,166.5339328344634,0.561814783251003,64355.98354017726,19.221029362219745,1,Mitosis
239,467.4576609573662,0.6596348638830164,0.6168536686078033,3321.982391916128,0.0181089024990797,1605.3073605270254,0.0207210090011358,1.4973270596678365,0.5993525385856628,59.23416353105967,0.3303439800619349,27864.97149775457,620.6621201805383,1,Mitosis
240,1301.7898814996659,0.7889845659840957,0.5908364000534186,1424.2528356684252,0.0670011416077613,1186.4603315242928,0.0314644612371921,1.912273627471462,0.5706267356872559,49.57173365809133,0.0401386485961077,6.261163155229045,16.121544186980138,0,Noise
241,215.6889421959232,0.6453966069742144,0.6423328216202663,1102.5585026735582,0.2855671048164367,2235.9783811182933,0.0336477793753147,1.5274534918255636,0.520042359828949,87.72658776794296,0.1281211720064099,11.222538611225044,15.40628415248959,0,Noise
242,385.91447005947254,0.8968496411555754,0.9564369629840708,1011.8407067117427,0.1892782002687454,1016.9023972550024,0.0344499088823795,1.9813928221204358,0.5165016055107117,33.18819739278918,0.4337136363428619,6.2449247203257405,16.265969178752812,0,Noise
243,96.74814833141075,0.9472321503859772,0.9290695644978084,1192.2969221381823,0.053663894534111,1790.6216971368697,0.0391026176512241,1.4309163750971907,0.4925683736801147,43.167423040058836,0.028312515825737,67.16883924650833,21.73628526763048,0,Noise
244,37.34652350066307,0.9081025928662152,0.913508175841887,1320.2802991723643,0.5674840211868286,1403.4541985768483,0.0400247350335121,0.9659418931563427,0.6136847138404846,1.996725529096583,0.2177041516279564,0.5945317928194878,84.30225273366314,0,Noise
245,112.16159800813762,0.341525973262461,0.3120957531409261,1057.1529344168976,0.192665085196495,1380.6620790503846,0.0406921617686748,1.0814708549421057,0.7251602411270142,5.865465300899971,1.6195530262309756,5.100848398081193,621.100375005012,1,Mitosis
246,109.16881338286083,0.7886505036809177,0.7027691971486346,1014.3424323726321,0.3568787276744842,704.3763025404901,0.0345205590128898,1.664167998850009,0.395319789648056,55.84431200277082,0.084946715944515,29.45349178277493,14.048619480122545,0,Noise
247,208.6093678861,0.6588704241153567,0.6070362005998667,1095.6613184057396,0.0656905695796012,1476.6288499421735,0.0352375693619251,1.3099169540654312,1.1733710765838623,14.643234840693635,1.0464920243747755,32383.545075614238,21.38637150814543,1,Mitosis
248,212.31847633030313,0.7507816293622147,0.5404358847989345,586.1315802327597,0.0166055615991354,882.9988050360419,0.032048013061285,1.4359702044547644,0.543181300163269,7.4322846365634705,0.6166973654750227,33403.5900111552,23.767032710305443,1,Mitosis
249,444.10881092587425,0.8974260219772935,0.9255284229260912,1068.1827302672211,0.1118351593613624,2253.0652718698593,0.0322551913559436,1.579557186031909,0.5348406434059143,141.8410680762953,0.1000532720176091,433.9034679992719,16.209840791445934,0,Noise
250,251.11107508744448,0.5971822348951241,0.4707355990168148,762.494687879191,0.1132484450936317,775.5426692812547,0.0331532135605812,1.4521939047902508,0.5233390927314758,5.368536387529821,2.7449848462788395,127256.29030910591,19.00762155777376,1,Mitosis
251,173.90881463637325,0.8643121185163674,0.5787014174087323,533.4387496996741,0.070811703801155,1341.2893754385634,0.0316695235669612,1.972357700118617,0.4551634788513183,4.119808119096992,1.2485830977959935,5.4792898551912765,435.1373356226626,1,Mitosis
252,109.16881338286083,0.7886505036809177,0.7027691971486346,1014.3424323726321,0.3568787276744842,704.3763025404901,0.0345205590128898,1.664167998850009,0.395319789648056,37.73668615954459,0.2406926051818206,32.97920428521989,14.048619480122545,0,Noise
253,51.96479000244569,0.9403956945675578,0.7021194280691284,1380.5320633474025,0.0715030059218406,2410.7005368170476,0.0317166224122047,0.4068537008734099,0.4481920003890991,63.35029497566013,0.0744079338685412,5.644974978933795,16.040430883278628,0,Noise
254,302.5800211887798,0.560817842708588,0.9191486630273256,1261.3930205985257,0.0478896126151084,1323.3328745721167,0.0404224283993244,2.886170138144606,0.6606736183166504,9.041041951957729,0.8204222040306745,51353.87521593318,426.5830697673496,1,Mitosis
255,1301.7898814996659,0.7889845659840957,0.5908364000534186,1424.2528356684252,0.0670011416077613,1186.4603315242928,0.0314644612371921,1.912273627471462,0.5706267356872559,37.499780163636686,1.7975434202369454,28.848268328979696,16.121544186980138,0,Noise
256,42.64128325824445,0.9043250960618762,0.9209600991589072,986.9267276814861,0.5932536125183105,1876.9711060071281,0.0262303762137889,1.822429161691747,0.3769665658473968,0.43241299038390624,0.1525118731169718,38192.47860417986,438.9775723113277,1,Mitosis
257,443.9371055583419,0.9161130115158924,0.9259521813836472,1200.4148279234748,0.0528994239866733,708.3258794751578,0.0334356538951396,1.56382624891568,0.3810833096504211,33.818156681185,0.1033750141212291,464.09075917106077,16.362056364490023,0,Noise
258,66.0676329563605,0.8485665942012882,0.8344760311165542,1190.1012353378485,0.4953939616680145,1017.3459089429379,0.0410560257732868,2.476422698500881,0.485121339559555,40.50745809380614,0.1056662187639788,26.31363227323215,13.406030734236412,1,Mitosis
259,194.95368546186495,0.922040883546438,0.967564024173596,1144.897576785148,0.0763666704297065,1135.7510824883018,0.0310444440692663,1.9557683861091306,0.5531925559043884,39.85746537941933,0.0948000733602296,3.0980750854977486,15.622863782324414,0,Noise
260,166.34709997170927,0.8384038604545515,0.6254062386860969,1871.7164265175422,0.21229188144207,2176.5608187122334,0.0396599620580673,1.8042324688758467,0.7150418162345886,73.46776962690608,0.1039510057293812,7.717398093448929,23.35723339821147,0,Noise
261,61.562172246368476,0.9196012284144844,0.8961395150292364,2116.8570756601307,0.3058063089847564,1111.3678965804356,0.0412104874849319,1.4175639403994769,0.4936015903949737,0.545597078099163,0.0491454924612656,0.22458421934135198,19.761591166436133,0,Noise
262,385.91447005947254,0.8968496411555754,0.9564369629840708,1011.8407067117427,0.1892782002687454,1016.9023972550024,0.0344499088823795,1.9813928221204358,0.5165016055107117,32.770134357328395,0.4337136363428619,4.621623348771421,16.265969178752812,0,Noise
263,1301.7898814996659,0.7889845659840957,0.5908364000534186,1424.2528356684252,0.0670011416077613,1186.4603315242928,0.0314644612371921,1.912273627471462,0.5706267356872559,25.386319723232912,3.3437227027912533,26.805646741729795,16.121544186980138,0,Noise
264,72.13754810630128,0.866389433378176,0.886530234591279,1461.2733015051028,0.3544847667217254,989.5174822257435,0.030917739495635,1.4405996714754095,0.5824698209762573,0.1070097494343394,0.0950237028118281,5.95577521281008,18.292957289365223,0,Noise
265,66.0676329563605,0.8485665942012882,0.8344760311165542,1190.1012353378485,0.4953939616680145,1017.3459089429379,0.0410560257732868,2.476422698500881,0.485121339559555,42.83549497061649,0.1056662187639788,25.7690987530096,13.406030734236412,0,Noise
266,120.05667211799219,0.8735276600090641,0.8587521031430306,1522.6240048594582,0.2236892580986023,1871.7657861615978,0.0376711301505565,1.7299027331839076,0.5021478533744812,2.0591699766352165,0.0693398837655379,2.330168891337089,16.774642026324837,0,Noise
267,368.7116347291401,0.649001908606651,0.8834826390230007,985.3145892645182,0.2510637640953064,1424.2955324173972,0.0358979925513267,5.061358536514738,0.441059947013855,9.479656093721749,6.150035536543936,8.260194628255691,13.65417709857375,0,Noise
268,163.01095328331957,0.5554470406778895,0.5852567520964498,627.4416326963673,0.2555494308471679,1017.3459090414167,0.0422623082995414,1.369411408293141,0.485121339559555,52.98658423192381,0.4328610920834561,16.782707263337795,16.467396028150034,0,Noise
269,66.0676329563605,0.8485665942012882,0.8344760311165542,1190.1012353378485,0.4953939616680145,1017.3459089429379,0.0410560257732868,2.476422698500881,0.485121339559555,43.11426825954582,0.1056662187639788,27.32520459016891,13.406030734236412,0,Noise
270,64.77389949386531,0.8534506773130695,0.883158329417257,1016.8764107343252,0.2274643182754516,1053.9361191230605,0.0346133150160312,3.144175468166624,0.5110839009284973,52.5224927535526,0.3001363090604593,3.2041246155688032,17.42175941580641,0,Noise
271,75.60429123951681,0.884970917285801,0.8394368899429484,1491.951479890008,0.3660611510276794,1372.3630921023605,0.0373768657445907,1.3220162836807658,0.5474625825881958,59.641391524873406,2.006911144159804,3.011323140326286,19.47112576481099,0,Noise
272,32.951846546162045,0.9595648107254292,0.9474996663481224,728.3393645089409,0.4733958542346954,686.360614842943,0.0374817140400409,1.5037748979312586,0.3940178453922272,0.11436819464037946,0.1567630989338228,37.10019334933917,24.321847981201262,0,Noise
273,453.16656797827585,0.9106373691459088,0.9245861743942876,728.3393648004837,0.1012328788638114,980.9051682639704,0.0374817140400409,1.5910063358797826,0.5115770697593689,49.430076760003686,0.1450278786573709,10.378222650137594,17.104120875039076,0,Noise
274,150.10699508009208,0.8457573952097474,0.680017384280781,2235.954607072164,0.2784621715545654,627.4693931588832,0.0308488104492425,0.3671754913164884,0.412304937839508,57.51510002224026,0.4844186778262548,1.306957969787321,18.307282385441283,0,Noise
275,175.1022796913423,0.9746343661033292,0.97697091017968,1091.5544738992078,0.0391738712787628,1215.3012640815625,0.0312602333724498,0.7140594476081404,0.3985686302185058,19.063797437994616,0.0807582126870451,3.233227235065276,23.365018254271387,0,Noise
276,227.01737060790464,0.7412952302672174,0.7007639065880206,775.5145392218092,0.0166677329689264,631.9958315988887,0.0314104259014129,1.2544783193858204,0.6739060878753662,58.99161325378937,3.717056550439179,41.998247101689934,956.2654506427984,1,Mitosis
277,275.953734024319,0.7745912546252482,0.697817779102636,1061.9281696783935,0.0540274754166603,875.0244062833991,0.0418507196009159,1.3948277812933088,0.4634463191032409,9.844730717883238,2.8780077553848926,43.34579611183572,316.1651795240219,0,Noise
278,148.506640297995,0.8447914797939433,0.7587008328615028,1294.7067153981914,0.1238456964492797,1240.2509654839475,0.0410463474690914,1.4787745643295207,0.5483602285385132,163.5412936247937,1.4188880862779063,107.29654394172188,279.08106628468425,1,Mitosis
279,119.01295702431784,0.7026525209156632,0.9269713730737666,1508.0672431166804,0.5493606328964233,617.0266224432778,0.0399098619818687,5.4954839398996125,0.5244203805923462,20.222779487927035,2.7080186165188773,62.036146188751864,760.6088202670009,1,Mitosis
280,124.28935784611384,0.8485665942012882,0.9004484403103779,1438.9278266156443,0.4953939616680145,1017.3459089433484,0.0414348840713501,5.077544589184575,0.485121339559555,49.96480602904857,0.2348422544926907,19.732002431976657,18.16112951304908,0,Noise
281,220.36818150568115,0.4300789471834945,0.7619312215628333,1498.9863870764366,0.0281605180352926,1692.9137940352266,0.0379194915294647,1.0205102392890606,0.5419929623603821,0.6244453827917386,1.12150432253527,41296.0327387828,299.6124679463687,0,Noise
282,74.90559235845528,0.6205160747867687,0.7350553166668861,1017.3042815442395,0.4886913895606994,1225.4983608630098,0.0380295403301715,4.193029779654322,0.4078192710876465,10.784535208449947,5.104761528471063,64.36844341193594,16.29697538106119,0,Noise
